id,account_id,amount,payee,payee_is_new,timestamp,reference,location_country,location_lat,location_lon,injected_label
syn_428b2a41,SYNTH-011,283.25,Amazon,False,2026-08-06T13:13:14.947897Z,REF-4558,GB,52.4862,-1.8904,
syn_c9670c85,SYNTH-019,281.92,Amazon,False,2026-08-06T13:31:05.947897Z,REF-9854,GB,52.4862,-1.8904,
syn_spk_5c952232,SYNTH-015,9993.55,Luxury Goods Inc,True,2026-08-06T13:47:20.947897Z,REF-1682,GB,51.5074,-0.1278,amount_spike
syn_831604e6,SYNTH-013,340.74,EE,False,2026-08-06T14:38:52.947897Z,REF-5777,GB,53.4808,-2.2426,
syn_900b6fc6,SYNTH-017,436.79,Amazon,True,2026-08-06T17:26:50.947897Z,REF-6023,DE,52.52,13.405,
syn_84ce26df,SYNTH-016,278.9,Tesco,False,2026-08-06T17:35:27.947897Z,REF-9009,DE,52.52,13.405,
syn_e0fe1b03,SYNTH-029,299.51,Vodafone,False,2026-08-06T18:07:56.947897Z,REF-2420,GB,51.5074,-0.1278,
syn_spk_238df2c1,SYNTH-007,8736.33,Luxury Goods Inc,True,2026-08-06T18:54:42.947897Z,REF-6481,GB,53.4808,-2.2426,amount_spike
syn_deec8c24,SYNTH-029,482.96,Deliveroo,False,2026-08-06T19:47:38.947897Z,REF-1021,GB,52.4862,-1.8904,
syn_16b90ec8,SYNTH-013,211.96,Amazon,False,2026-08-07T10:09:35.947897Z,REF-8616,GB,51.5074,-0.1278,
syn_4d218742,SYNTH-015,20.45,Uber,False,2026-08-07T12:54:57.947897Z,REF-4228,GB,52.4862,-1.8904,
syn_b6194cec,SYNTH-025,433.11,Amazon,False,2026-08-07T16:34:28.947897Z,REF-7991,GB,53.4808,-2.2426,
syn_4f3b574d,SYNTH-028,60.07,Spotify,False,2026-08-08T08:19:00.947897Z,REF-6310,FR,48.8566,2.3522,
syn_2154f992,SYNTH-014,56.6,Amazon,False,2026-08-08T12:22:59.947897Z,REF-5911,DE,52.52,13.405,
syn_bedb685b,SYNTH-010,391.23,O2,False,2026-08-08T16:09:04.947897Z,REF-4511,FR,48.8566,2.3522,
syn_51965221,SYNTH-009,45.91,EE,False,2026-08-08T16:12:53.947897Z,REF-5269,FR,48.8566,2.3522,
syn_6f71212c,SYNTH-026,144.35,EE,False,2026-08-08T17:36:32.947897Z,REF-6330,GB,53.4808,-2.2426,
syn_b22fc30c,SYNTH-010,357.3,EE,False,2026-08-08T20:07:59.947897Z,REF-5823,FR,48.8566,2.3522,
syn_9e233633,SYNTH-026,289.06,Netflix,False,2026-08-09T08:14:38.947897Z,REF-2019,GB,52.4862,-1.8904,
syn_575b359d,SYNTH-014,484.98,EE,True,2026-08-09T08:32:40.947897Z,REF-5336,DE,52.52,13.405,
syn_c0619324,SYNTH-004,446.71,Deliveroo,True,2026-08-09T08:41:23.947897Z,REF-7287,GB,51.5074,-0.1278,
syn_d08ce50b,SYNTH-011,437.25,Netflix,False,2026-08-09T10:21:32.947897Z,REF-3679,FR,48.8566,2.3522,
syn_it1_8607bb9e,SYNTH-021,127.1,Spotify,False,2026-08-09T11:20:46.947897Z,REF-9617,JP,35.6762,139.6503,impossible_travel
syn_it2_64b922a5,SYNTH-021,71.1,Vodafone,False,2026-08-09T11:29:46.947897Z,REF-2375,IN,22.5726,88.3639,impossible_travel
syn_17358a5f,SYNTH-013,195.22,O2,False,2026-08-09T11:41:41.947897Z,REF-1425,FR,48.8566,2.3522,
syn_5bd0b5b4,SYNTH-021,129.83,Spotify,False,2026-08-09T12:08:53.947897Z,REF-9171,GB,51.5074,-0.1278,
syn_spk_2329c0f5,SYNTH-013,5673.59,Luxury Goods Inc,True,2026-08-09T13:52:22.947897Z,REF-7345,GB,52.4862,-1.8904,amount_spike
syn_00224e16,SYNTH-014,398.24,Amazon,False,2026-08-09T14:24:08.947897Z,REF-6224,GB,52.4862,-1.8904,
syn_34a7401e,SYNTH-012,196.32,Netflix,False,2026-08-09T15:45:12.947897Z,REF-3486,GB,51.5074,-0.1278,
syn_03fe2f53,SYNTH-016,75.84,EE,False,2026-08-09T17:45:33.947897Z,REF-2058,FR,48.8566,2.3522,
syn_d46f2bf0,SYNTH-007,206.44,O2,False,2026-08-09T18:38:05.947897Z,REF-8223,FR,48.8566,2.3522,
syn_5a6c5235,SYNTH-021,233.52,Amazon,False,2026-08-09T19:53:22.947897Z,REF-9933,GB,52.4862,-1.8904,
syn_263d6d4d,SYNTH-016,36.39,Sainsburys,False,2026-08-09T20:10:19.947897Z,REF-9478,FR,48.8566,2.3522,
syn_b3c3223e,SYNTH-003,36.13,Netflix,False,2026-08-10T08:07:47.947897Z,REF-4072,GB,51.5074,-0.1278,
syn_bdb13b1d,SYNTH-005,299.36,O2,False,2026-08-10T08:47:33.947897Z,REF-6828,GB,51.5074,-0.1278,
syn_f080362e,SYNTH-011,106.37,EE,False,2026-08-10T09:14:23.947897Z,REF-9594,GB,51.5074,-0.1278,
syn_b55919be,SYNTH-023,286.79,Amazon,False,2026-08-10T09:37:06.947897Z,REF-8264,FR,48.8566,2.3522,
syn_b8204ddc,SYNTH-013,56.08,Sainsburys,False,2026-08-10T10:38:45.947897Z,REF-3975,GB,51.5074,-0.1278,
syn_20aa23b1,SYNTH-009,60.87,Sainsburys,False,2026-08-10T11:22:08.947897Z,REF-2068,GB,53.4808,-2.2426,
syn_8f3fa410,SYNTH-024,239.92,O2,False,2026-08-10T11:37:34.947897Z,REF-1632,GB,53.4808,-2.2426,
syn_4c28f220,SYNTH-015,61.19,Amazon,False,2026-08-10T13:47:51.947897Z,REF-7526,GB,52.4862,-1.8904,
syn_spk_3ff5e7f6,SYNTH-026,8025.96,Luxury Goods Inc,True,2026-08-10T16:06:32.947897Z,REF-6039,GB,51.5074,-0.1278,amount_spike
syn_22361206,SYNTH-029,345.97,Netflix,False,2026-08-10T16:37:40.947897Z,REF-6659,GB,51.5074,-0.1278,
syn_it1_ebf23127,SYNTH-012,84.79,Deliveroo,False,2026-08-11T11:32:39.947897Z,REF-9050,JP,35.6762,139.6503,impossible_travel
syn_it2_2254a418,SYNTH-012,59.0,Spotify,False,2026-08-11T11:41:39.947897Z,REF-4045,IN,22.5726,88.3639,impossible_travel
syn_2fc894ca,SYNTH-026,422.9,Netflix,False,2026-08-11T13:30:22.947897Z,REF-1592,FR,48.8566,2.3522,
syn_7665e742,SYNTH-023,438.77,Spotify,False,2026-08-11T17:31:51.947897Z,REF-5109,DE,52.52,13.405,
syn_fffbd518,SYNTH-019,142.35,Tesco,False,2026-08-11T19:05:30.947897Z,REF-5919,GB,53.4808,-2.2426,
syn_4862f984,SYNTH-021,369.4,Sainsburys,False,2026-08-12T10:40:09.947897Z,REF-6015,FR,48.8566,2.3522,
syn_8b6ca9b5,SYNTH-013,421.35,Sainsburys,False,2026-08-12T10:59:45.947897Z,REF-4908,GB,52.4862,-1.8904,
syn_vel_842ae075,SYNTH-021,41.83,EE,False,2026-08-12T11:05:58.947897Z,REF-3346,GB,53.4808,-2.2426,velocity_burst
syn_vel_1de15464,SYNTH-021,80.95,Vodafone,False,2026-08-12T11:06:58.947897Z,REF-1229,GB,53.4808,-2.2426,velocity_burst
syn_vel_2d330887,SYNTH-021,48.13,O2,False,2026-08-12T11:07:58.947897Z,REF-1937,GB,53.4808,-2.2426,velocity_burst
syn_vel_f3edb624,SYNTH-021,36.56,Spotify,False,2026-08-12T11:08:58.947897Z,REF-4284,GB,53.4808,-2.2426,velocity_burst
syn_vel_d779aa30,SYNTH-021,95.94,Vodafone,False,2026-08-12T11:09:58.947897Z,REF-7732,GB,53.4808,-2.2426,velocity_burst
syn_1a165588,SYNTH-016,355.59,Deliveroo,True,2026-08-12T11:17:59.947897Z,REF-3940,GB,53.4808,-2.2426,
syn_d0b2ee9f,SYNTH-007,225.36,Netflix,False,2026-08-12T11:22:40.947897Z,REF-8374,DE,52.52,13.405,
syn_4506cf06,SYNTH-001,141.12,O2,False,2026-08-12T11:51:43.947897Z,REF-2793,FR,48.8566,2.3522,
syn_92fbe391,SYNTH-018,225.43,Uber,False,2026-08-12T12:17:46.947897Z,REF-6374,GB,52.4862,-1.8904,
syn_74e787f0,SYNTH-012,374.07,Deliveroo,False,2026-08-12T13:31:01.947897Z,REF-4145,GB,51.5074,-0.1278,
syn_f705270e,SYNTH-013,412.06,Netflix,False,2026-08-12T14:43:38.947897Z,REF-6446,GB,53.4808,-2.2426,
syn_a5509bb5,SYNTH-025,231.14,Spotify,False,2026-08-12T18:57:48.947897Z,REF-3572,FR,48.8566,2.3522,
syn_a4fb1cdb,SYNTH-013,125.68,Vodafone,False,2026-08-12T20:17:39.947897Z,REF-2942,GB,52.4862,-1.8904,
syn_93dd36f5,SYNTH-028,490.76,Netflix,False,2026-08-12T20:31:58.947897Z,REF-8543,GB,53.4808,-2.2426,
syn_vel_1ea2007f,SYNTH-029,34.53,Uber,False,2026-08-13T09:05:21.947897Z,REF-1605,FR,48.8566,2.3522,velocity_burst
syn_vel_71e0ce43,SYNTH-029,51.46,EE,False,2026-08-13T09:06:21.947897Z,REF-5152,FR,48.8566,2.3522,velocity_burst
syn_vel_6ef4f7f3,SYNTH-029,29.52,Vodafone,False,2026-08-13T09:07:21.947897Z,REF-9908,FR,48.8566,2.3522,velocity_burst
syn_vel_6fad5761,SYNTH-029,63.3,Vodafone,False,2026-08-13T09:08:21.947897Z,REF-5692,FR,48.8566,2.3522,velocity_burst
syn_vel_437dceb9,SYNTH-029,96.45,Netflix,False,2026-08-13T09:09:21.947897Z,REF-3850,FR,48.8566,2.3522,velocity_burst
syn_eb61d603,SYNTH-023,206.56,Spotify,False,2026-08-13T15:13:17.947897Z,REF-8542,GB,53.4808,-2.2426,
syn_92815fa8,SYNTH-023,157.81,Deliveroo,False,2026-08-13T15:35:54.947897Z,REF-5749,GB,51.5074,-0.1278,
syn_f0f8bd40,SYNTH-023,127.0,Vodafone,False,2026-08-13T17:50:00.947897Z,REF-8279,DE,52.52,13.405,
syn_83975904,SYNTH-005,13.62,Tesco,False,2026-08-13T17:58:00.947897Z,REF-2092,DE,52.52,13.405,
syn_11f48a4e,SYNTH-002,246.18,Sainsburys,False,2026-08-13T18:41:16.947897Z,REF-7286,DE,52.52,13.405,
syn_c62dba90,SYNTH-016,302.0,Netflix,False,2026-08-13T19:33:57.947897Z,REF-7879,FR,48.8566,2.3522,
syn_594d3c79,SYNTH-021,18.37,Deliveroo,True,2026-08-13T20:34:19.947897Z,REF-5301,FR,48.8566,2.3522,
syn_1d4f591b,SYNTH-030,230.07,Deliveroo,False,2026-08-14T08:22:19.947897Z,REF-7982,FR,48.8566,2.3522,
syn_1b8025be,SYNTH-028,373.73,Sainsburys,False,2026-08-14T08:55:06.947897Z,REF-4591,FR,48.8566,2.3522,
syn_3ed39c6e,SYNTH-014,77.33,Tesco,False,2026-08-14T09:18:23.947897Z,REF-1819,GB,51.5074,-0.1278,
syn_4952b627,SYNTH-003,427.53,Uber,False,2026-08-14T11:31:58.947897Z,REF-2230,GB,51.5074,-0.1278,
syn_b01a39cc,SYNTH-013,458.29,Tesco,False,2026-08-14T12:59:35.947897Z,REF-6831,GB,51.5074,-0.1278,
syn_8e5c6716,SYNTH-016,151.73,Uber,False,2026-08-14T14:44:06.947897Z,REF-8510,GB,51.5074,-0.1278,
syn_1cbf8278,SYNTH-028,164.3,EE,False,2026-08-14T18:10:10.947897Z,REF-3661,GB,51.5074,-0.1278,
syn_c458e015,SYNTH-013,155.29,Vodafone,True,2026-08-14T18:43:40.947897Z,REF-4078,FR,48.8566,2.3522,
syn_9784d0d9,SYNTH-011,431.82,Vodafone,False,2026-08-14T20:56:14.947897Z,REF-3338,GB,52.4862,-1.8904,
syn_2ec77c48,SYNTH-008,296.43,Deliveroo,False,2026-08-15T09:23:21.947897Z,REF-9167,GB,51.5074,-0.1278,
syn_18bd9533,SYNTH-012,428.27,Amazon,False,2026-08-15T10:17:09.947897Z,REF-3249,FR,48.8566,2.3522,
syn_0522f350,SYNTH-007,350.68,Deliveroo,False,2026-08-15T10:56:22.947897Z,REF-2613,FR,48.8566,2.3522,
syn_fa2a1185,SYNTH-003,164.77,Deliveroo,False,2026-08-15T12:04:59.947897Z,REF-9281,FR,48.8566,2.3522,
syn_22e82b58,SYNTH-013,216.6,O2,False,2026-08-15T14:23:08.947897Z,REF-9040,GB,52.4862,-1.8904,
syn_18013a78,SYNTH-005,382.88,Vodafone,False,2026-08-15T15:13:16.947897Z,REF-4733,GB,52.4862,-1.8904,
syn_6134a0a4,SYNTH-001,60.63,Deliveroo,False,2026-08-15T15:36:16.947897Z,REF-3175,GB,52.4862,-1.8904,
syn_fb6d3770,SYNTH-014,54.77,Deliveroo,False,2026-08-15T15:55:07.947897Z,REF-4281,GB,51.5074,-0.1278,
syn_774a4497,SYNTH-014,31.53,Netflix,False,2026-08-15T17:30:13.947897Z,REF-3013,DE,52.52,13.405,
syn_4093fdb4,SYNTH-029,367.85,Uber,False,2026-08-15T17:49:12.947897Z,REF-6472,GB,51.5074,-0.1278,
syn_2cecc64c,SYNTH-024,305.51,Uber,False,2026-08-15T18:06:42.947897Z,REF-2183,DE,52.52,13.405,
syn_32efebed,SYNTH-021,254.25,Spotify,False,2026-08-15T19:18:20.947897Z,REF-1635,GB,51.5074,-0.1278,
syn_23fd1ef8,SYNTH-024,122.24,Deliveroo,False,2026-08-15T19:25:50.947897Z,REF-5727,GB,51.5074,-0.1278,
syn_becf98e2,SYNTH-004,198.78,Netflix,True,2026-08-15T19:48:30.947897Z,REF-8890,GB,52.4862,-1.8904,
syn_d66e3a32,SYNTH-029,365.64,Vodafone,False,2026-08-15T20:21:33.947897Z,REF-6566,GB,51.5074,-0.1278,
syn_73531b56,SYNTH-008,185.63,O2,False,2026-08-16T08:44:49.947897Z,REF-3395,GB,52.4862,-1.8904,
syn_4e68fde7,SYNTH-030,137.86,Sainsburys,False,2026-08-16T09:05:35.947897Z,REF-8475,FR,48.8566,2.3522,
syn_771ea4ef,SYNTH-023,296.39,Deliveroo,True,2026-08-16T09:56:11.947897Z,REF-5437,GB,52.4862,-1.8904,
syn_a9e413a5,SYNTH-009,493.9,Vodafone,False,2026-08-16T11:48:10.947897Z,REF-1757,GB,52.4862,-1.8904,
syn_8d766a72,SYNTH-024,315.9,Sainsburys,False,2026-08-16T13:51:26.947897Z,REF-4402,GB,51.5074,-0.1278,
syn_c264e017,SYNTH-005,83.61,Spotify,True,2026-08-16T14:20:25.947897Z,REF-6552,FR,48.8566,2.3522,
syn_b789908e,SYNTH-029,346.46,Amazon,False,2026-08-16T17:12:19.947897Z,REF-3404,GB,52.4862,-1.8904,
syn_5a4dcf13,SYNTH-014,13.28,Deliveroo,True,2026-08-16T17:21:01.947897Z,REF-1425,DE,52.52,13.405,
syn_b1795408,SYNTH-012,243.02,Deliveroo,False,2026-08-16T17:28:21.947897Z,REF-5534,FR,48.8566,2.3522,
syn_a338e026,SYNTH-005,99.6,Vodafone,True,2026-08-16T17:45:12.947897Z,REF-4023,GB,52.4862,-1.8904,
syn_5ebbae8d,SYNTH-010,267.01,Netflix,False,2026-08-16T19:16:03.947897Z,REF-6851,GB,51.5074,-0.1278,
syn_9f60780f,SYNTH-027,14.4,Vodafone,False,2026-08-16T19:38:48.947897Z,REF-4727,GB,52.4862,-1.8904,
syn_ac125bc5,SYNTH-017,176.48,Spotify,True,2026-08-16T20:33:41.947897Z,REF-1397,GB,53.4808,-2.2426,
syn_2c0b9e20,SYNTH-006,42.22,Spotify,False,2026-08-17T08:04:07.947897Z,REF-5941,FR,48.8566,2.3522,
syn_8f721a14,SYNTH-002,492.64,Uber,False,2026-08-17T08:08:39.947897Z,REF-4945,GB,52.4862,-1.8904,
syn_1f3ba60a,SYNTH-001,333.04,EE,False,2026-08-17T09:16:24.947897Z,REF-3351,GB,51.5074,-0.1278,
syn_c0dcac3d,SYNTH-028,86.06,Uber,False,2026-08-17T09:32:21.947897Z,REF-5539,DE,52.52,13.405,
syn_64f6fb27,SYNTH-003,128.58,Spotify,False,2026-08-17T11:13:51.947897Z,REF-2162,DE,52.52,13.405,
syn_4c4f350c,SYNTH-013,157.99,Vodafone,False,2026-08-17T11:34:13.947897Z,REF-2954,GB,52.4862,-1.8904,
syn_cb1bf2f4,SYNTH-003,308.47,Netflix,False,2026-08-17T12:02:21.947897Z,REF-4391,GB,53.4808,-2.2426,
syn_d703baf2,SYNTH-020,326.12,Vodafone,False,2026-08-17T12:55:16.947897Z,REF-9795,GB,52.4862,-1.8904,
syn_37a859b2,SYNTH-006,197.23,Amazon,False,2026-08-17T13:08:49.947897Z,REF-8552,DE,52.52,13.405,
syn_336ff0d9,SYNTH-005,144.23,EE,False,2026-08-17T13:27:38.947897Z,REF-5567,GB,53.4808,-2.2426,
syn_41c658da,SYNTH-005,239.91,Uber,True,2026-08-17T14:08:00.947897Z,REF-5955,GB,52.4862,-1.8904,
syn_df7fe4f8,SYNTH-004,185.44,Uber,False,2026-08-17T14:22:58.947897Z,REF-1227,GB,53.4808,-2.2426,
syn_c1ed986d,SYNTH-030,56.86,Vodafone,False,2026-08-17T14:50:45.947897Z,REF-1562,GB,52.4862,-1.8904,
syn_609a1fa9,SYNTH-013,110.11,O2,False,2026-08-17T19:44:10.947897Z,REF-1526,FR,48.8566,2.3522,
syn_068bde33,SYNTH-027,76.94,EE,False,2026-08-17T20:11:06.947897Z,REF-4844,DE,52.52,13.405,
syn_737e71e1,SYNTH-025,342.23,Tesco,False,2026-08-17T20:34:48.947897Z,REF-2603,GB,52.4862,-1.8904,
syn_ecbe2368,SYNTH-024,346.08,Sainsburys,False,2026-08-18T08:44:25.947897Z,REF-9066,FR,48.8566,2.3522,
syn_736938d3,SYNTH-019,226.3,Tesco,True,2026-08-18T10:04:56.947897Z,REF-5670,GB,52.4862,-1.8904,
syn_ce1ac898,SYNTH-026,417.74,Amazon,True,2026-08-18T13:36:44.947897Z,REF-9199,GB,53.4808,-2.2426,
syn_024a06f6,SYNTH-002,225.82,Deliveroo,False,2026-08-18T13:52:13.947897Z,REF-2441,GB,53.4808,-2.2426,
syn_bced243f,SYNTH-018,61.19,O2,False,2026-08-18T14:10:12.947897Z,REF-4824,DE,52.52,13.405,
syn_ee374621,SYNTH-003,72.16,EE,False,2026-08-18T15:20:52.947897Z,REF-6695,GB,53.4808,-2.2426,
syn_c05b49a9,SYNTH-015,33.66,Deliveroo,False,2026-08-18T15:28:32.947897Z,REF-4363,DE,52.52,13.405,
syn_b8f44631,SYNTH-015,285.09,Sainsburys,False,2026-08-18T15:53:44.947897Z,REF-4954,FR,48.8566,2.3522,
syn_82e8acb5,SYNTH-026,423.65,Uber,False,2026-08-18T17:36:13.947897Z,REF-2291,DE,52.52,13.405,
syn_6b4041c4,SYNTH-010,96.69,O2,False,2026-08-18T17:47:51.947897Z,REF-5550,GB,52.4862,-1.8904,
syn_417a81db,SYNTH-017,32.94,Sainsburys,False,2026-08-18T19:50:47.947897Z,REF-7881,GB,53.4808,-2.2426,
syn_53b57121,SYNTH-014,31.28,O2,False,2026-08-19T09:40:23.947897Z,REF-8723,GB,52.4862,-1.8904,
syn_9eed6907,SYNTH-025,228.54,Vodafone,False,2026-08-19T09:51:34.947897Z,REF-6932,GB,51.5074,-0.1278,
syn_c01cd66f,SYNTH-005,194.89,Tesco,False,2026-08-19T10:32:16.947897Z,REF-2587,GB,52.4862,-1.8904,
syn_c0335bda,SYNTH-024,335.48,Spotify,False,2026-08-19T14:04:17.947897Z,REF-5438,DE,52.52,13.405,
syn_fec3236c,SYNTH-011,178.63,Tesco,True,2026-08-19T16:15:24.947897Z,REF-5816,FR,48.8566,2.3522,
syn_b1c8b5ad,SYNTH-027,403.38,Uber,False,2026-08-20T08:44:26.947897Z,REF-5611,FR,48.8566,2.3522,
syn_464e446e,SYNTH-018,128.26,Spotify,True,2026-08-20T09:33:58.947897Z,REF-8893,DE,52.52,13.405,
syn_4e3502ff,SYNTH-005,464.79,Tesco,False,2026-08-20T10:36:41.947897Z,REF-4531,GB,53.4808,-2.2426,
syn_60373723,SYNTH-004,99.42,Vodafone,False,2026-08-20T10:42:21.947897Z,REF-5329,FR,48.8566,2.3522,
syn_8c2aa834,SYNTH-021,354.47,Sainsburys,False,2026-08-20T11:11:55.947897Z,REF-8301,GB,52.4862,-1.8904,
syn_8230c108,SYNTH-023,79.14,O2,True,2026-08-20T12:07:17.947897Z,REF-7249,GB,51.5074,-0.1278,
syn_aefeb832,SYNTH-012,445.41,Amazon,False,2026-08-20T13:37:41.947897Z,REF-2902,GB,53.4808,-2.2426,
syn_a97a4976,SYNTH-028,191.41,Netflix,False,2026-08-20T15:08:01.947897Z,REF-2624,DE,52.52,13.405,
syn_209512c3,SYNTH-022,56.18,Tesco,False,2026-08-20T16:48:38.947897Z,REF-4237,GB,53.4808,-2.2426,
syn_08fabe99,SYNTH-025,158.19,EE,False,2026-08-20T18:57:17.947897Z,REF-7354,DE,52.52,13.405,
syn_2f1ad619,SYNTH-005,68.32,O2,False,2026-08-20T19:06:19.947897Z,REF-7200,GB,51.5074,-0.1278,
syn_3f20b30d,SYNTH-006,213.94,Spotify,False,2026-08-20T19:50:14.947897Z,REF-2891,DE,52.52,13.405,
syn_cmb_6fbef760,SYNTH-006,10704.99,Unknown Offshore Entity,True,2026-08-21T03:15:44.947897Z,REF-6087,GB,51.5074,-0.1278,combined
syn_ae4bff1b,SYNTH-022,483.62,Vodafone,False,2026-08-21T08:53:30.947897Z,REF-6784,FR,48.8566,2.3522,
syn_b3e3264d,SYNTH-019,30.0,Uber,False,2026-08-21T09:00:22.947897Z,REF-1920,GB,51.5074,-0.1278,
syn_6efe6f17,SYNTH-002,241.99,Uber,False,2026-08-21T13:30:48.947897Z,REF-8024,GB,52.4862,-1.8904,
syn_46b5ad01,SYNTH-005,247.62,O2,True,2026-08-21T15:14:03.947897Z,REF-4395,GB,53.4808,-2.2426,
syn_c89f12f2,SYNTH-028,433.76,Spotify,False,2026-08-21T17:50:47.947897Z,REF-2090,GB,51.5074,-0.1278,
syn_6cc7a208,SYNTH-026,60.62,Tesco,False,2026-08-21T19:53:19.947897Z,REF-8088,FR,48.8566,2.3522,
syn_25dcd61e,SYNTH-001,207.36,O2,False,2026-08-21T20:42:07.947897Z,REF-8321,FR,48.8566,2.3522,
syn_e6b51bd9,SYNTH-001,267.9,O2,True,2026-08-22T09:41:02.947897Z,REF-4820,GB,52.4862,-1.8904,
syn_6154f022,SYNTH-002,426.3,Amazon,True,2026-08-22T10:09:47.947897Z,REF-2313,DE,52.52,13.405,
syn_eeed927a,SYNTH-009,268.35,Uber,False,2026-08-22T10:34:04.947897Z,REF-9223,GB,51.5074,-0.1278,
syn_96f00d76,SYNTH-012,24.02,Netflix,False,2026-08-22T11:51:37.947897Z,REF-9226,DE,52.52,13.405,
syn_4a64dfeb,SYNTH-028,238.6,Deliveroo,False,2026-08-22T12:38:32.947897Z,REF-7570,DE,52.52,13.405,
syn_0357f1c4,SYNTH-001,16.36,Uber,False,2026-08-22T14:02:00.947897Z,REF-9957,DE,52.52,13.405,
syn_3a946222,SYNTH-010,418.42,Deliveroo,False,2026-08-22T14:45:57.947897Z,REF-8531,GB,53.4808,-2.2426,
syn_it1_de56c114,SYNTH-027,91.04,Sainsburys,False,2026-08-22T16:09:33.947897Z,REF-5215,JP,35.6762,139.6503,impossible_travel
syn_it2_0284aaee,SYNTH-027,113.78,Vodafone,False,2026-08-22T16:15:33.947897Z,REF-7035,IN,22.5726,88.3639,impossible_travel
syn_343cf1d7,SYNTH-026,133.36,Amazon,False,2026-08-22T16:24:28.947897Z,REF-3462,GB,52.4862,-1.8904,
syn_5c7a7301,SYNTH-008,185.83,EE,False,2026-08-22T16:36:10.947897Z,REF-6833,GB,51.5074,-0.1278,
syn_10d0902b,SYNTH-029,264.65,Amazon,False,2026-08-22T17:44:05.947897Z,REF-9726,GB,53.4808,-2.2426,
syn_3f11a6c9,SYNTH-005,137.22,Sainsburys,False,2026-08-22T18:54:22.947897Z,REF-3996,DE,52.52,13.405,
syn_e356ebfb,SYNTH-001,468.65,Spotify,False,2026-08-22T19:30:21.947897Z,REF-5873,GB,52.4862,-1.8904,
syn_df070a95,SYNTH-004,81.11,O2,False,2026-08-22T19:35:30.947897Z,REF-7425,FR,48.8566,2.3522,
syn_310fdd4b,SYNTH-019,384.07,EE,False,2026-08-23T08:15:09.947897Z,REF-2167,GB,53.4808,-2.2426,
syn_904f972e,SYNTH-006,47.87,O2,False,2026-08-23T08:34:09.947897Z,REF-4048,GB,53.4808,-2.2426,
syn_11027984,SYNTH-020,68.93,Tesco,False,2026-08-23T09:27:17.947897Z,REF-7067,DE,52.52,13.405,
syn_b1b86c36,SYNTH-024,379.87,Uber,False,2026-08-23T10:27:26.947897Z,REF-2947,FR,48.8566,2.3522,
syn_dde28117,SYNTH-020,258.94,Amazon,True,2026-08-23T10:30:50.947897Z,REF-9147,DE,52.52,13.405,
syn_832ec5a1,SYNTH-003,160.16,O2,False,2026-08-23T11:27:53.947897Z,REF-9772,DE,52.52,13.405,
syn_cab31546,SYNTH-009,499.98,Deliveroo,False,2026-08-23T14:25:30.947897Z,REF-3482,FR,48.8566,2.3522,
syn_eaaf6a0a,SYNTH-019,342.08,Netflix,False,2026-08-23T14:31:02.947897Z,REF-5756,GB,53.4808,-2.2426,
syn_a7164fa6,SYNTH-017,69.22,Vodafone,False,2026-08-23T15:49:55.947897Z,REF-1155,FR,48.8566,2.3522,
syn_5f6a5998,SYNTH-030,139.32,O2,False,2026-08-23T18:41:39.947897Z,REF-8652,GB,52.4862,-1.8904,
syn_26866be0,SYNTH-027,228.51,Vodafone,False,2026-08-23T19:04:21.947897Z,REF-1383,GB,53.4808,-2.2426,
syn_6de90707,SYNTH-002,380.11,EE,False,2026-08-23T19:08:59.947897Z,REF-4169,GB,52.4862,-1.8904,
syn_faaccc7d,SYNTH-016,473.68,Amazon,True,2026-08-23T19:12:25.947897Z,REF-3988,GB,53.4808,-2.2426,
syn_0554732b,SYNTH-014,111.1,EE,False,2026-08-23T19:45:29.947897Z,REF-7756,GB,52.4862,-1.8904,
syn_e06c67a1,SYNTH-001,137.69,Tesco,False,2026-08-23T20:14:08.947897Z,REF-9992,DE,52.52,13.405,
syn_e7e9f3b4,SYNTH-020,33.84,Vodafone,False,2026-08-24T09:31:13.947897Z,REF-8350,GB,53.4808,-2.2426,
syn_803a7e6a,SYNTH-020,99.62,O2,False,2026-08-24T09:37:43.947897Z,REF-2760,GB,52.4862,-1.8904,
syn_b1ba0b49,SYNTH-022,223.92,Amazon,False,2026-08-24T11:10:04.947897Z,REF-1819,GB,52.4862,-1.8904,
syn_bf235b75,SYNTH-028,114.54,Amazon,True,2026-08-24T11:11:46.947897Z,REF-2932,FR,48.8566,2.3522,
syn_0894232a,SYNTH-015,183.51,Vodafone,True,2026-08-24T11:16:07.947897Z,REF-8618,GB,52.4862,-1.8904,
syn_fd5876ed,SYNTH-025,198.21,Deliveroo,False,2026-08-24T11:33:43.947897Z,REF-4164,GB,51.5074,-0.1278,
syn_934c3343,SYNTH-015,345.04,Tesco,False,2026-08-24T13:37:04.947897Z,REF-7530,FR,48.8566,2.3522,
syn_b5d54bb6,SYNTH-029,496.0,Deliveroo,False,2026-08-24T13:58:20.947897Z,REF-5041,DE,52.52,13.405,
syn_6a26fe62,SYNTH-012,186.99,Deliveroo,False,2026-08-24T14:13:21.947897Z,REF-6753,FR,48.8566,2.3522,
syn_c0c4fbec,SYNTH-006,62.57,Amazon,False,2026-08-24T18:29:30.947897Z,REF-9874,GB,52.4862,-1.8904,
syn_98598b46,SYNTH-002,287.6,Spotify,False,2026-08-24T19:08:31.947897Z,REF-1574,DE,52.52,13.405,
syn_e34fa708,SYNTH-030,418.35,Spotify,False,2026-08-25T08:05:42.947897Z,REF-3436,DE,52.52,13.405,
syn_d9b6d49a,SYNTH-015,142.31,Spotify,False,2026-08-25T08:10:58.947897Z,REF-5552,GB,52.4862,-1.8904,
syn_0dc1e67f,SYNTH-022,170.26,Netflix,False,2026-08-25T08:35:41.947897Z,REF-6281,GB,53.4808,-2.2426,
syn_b6991b0a,SYNTH-011,390.08,Netflix,False,2026-08-25T10:07:54.947897Z,REF-7588,GB,53.4808,-2.2426,
syn_e0a1b555,SYNTH-022,137.86,EE,False,2026-08-25T12:03:11.947897Z,REF-2063,FR,48.8566,2.3522,
syn_50a32ec9,SYNTH-011,405.67,Vodafone,False,2026-08-25T13:05:23.947897Z,REF-5712,GB,52.4862,-1.8904,
syn_ddcbb650,SYNTH-027,438.63,Uber,False,2026-08-25T16:34:00.947897Z,REF-8865,FR,48.8566,2.3522,
syn_3fc9bfd0,SYNTH-018,53.48,Uber,False,2026-08-25T18:15:01.947897Z,REF-4799,FR,48.8566,2.3522,
syn_45b601c9,SYNTH-026,216.9,Uber,False,2026-08-26T12:04:26.947897Z,REF-8867,GB,51.5074,-0.1278,
syn_e20f6bc1,SYNTH-029,151.08,EE,False,2026-08-26T15:40:05.947897Z,REF-9767,DE,52.52,13.405,
syn_b8b97581,SYNTH-014,42.95,EE,False,2026-08-26T19:10:27.947897Z,REF-6426,GB,52.4862,-1.8904,
syn_caa004cd,SYNTH-030,258.07,Tesco,False,2026-08-26T19:26:54.947897Z,REF-2049,FR,48.8566,2.3522,
syn_1c6f2628,SYNTH-019,348.92,Uber,False,2026-08-26T19:30:58.947897Z,REF-5650,GB,51.5074,-0.1278,
syn_cd0d6b44,SYNTH-021,410.94,EE,False,2026-08-27T09:03:49.947897Z,REF-4284,GB,53.4808,-2.2426,
syn_ef9a14ef,SYNTH-022,186.88,O2,False,2026-08-27T09:54:05.947897Z,REF-4163,GB,51.5074,-0.1278,
syn_1d692a2e,SYNTH-003,457.7,Uber,False,2026-08-27T11:46:44.947897Z,REF-3155,GB,52.4862,-1.8904,
syn_f09d3070,SYNTH-008,485.27,Deliveroo,False,2026-08-27T12:49:38.947897Z,REF-7938,GB,53.4808,-2.2426,
syn_b5cc4c65,SYNTH-020,85.99,Netflix,False,2026-08-27T15:39:35.947897Z,REF-8772,GB,53.4808,-2.2426,
syn_6671b606,SYNTH-017,259.92,Uber,False,2026-08-27T16:29:02.947897Z,REF-9435,GB,51.5074,-0.1278,
syn_368cf3b6,SYNTH-003,176.25,EE,False,2026-08-28T08:11:47.947897Z,REF-1862,DE,52.52,13.405,
syn_4df5b379,SYNTH-017,192.73,Netflix,False,2026-08-28T08:58:09.947897Z,REF-2205,FR,48.8566,2.3522,
syn_283bac88,SYNTH-022,346.47,Uber,False,2026-08-28T09:23:26.947897Z,REF-6469,GB,51.5074,-0.1278,
syn_c6d44367,SYNTH-018,462.88,Sainsburys,False,2026-08-28T10:49:57.947897Z,REF-1669,GB,53.4808,-2.2426,
syn_adb1e4ec,SYNTH-001,452.23,Vodafone,False,2026-08-28T13:09:20.947897Z,REF-9752,GB,53.4808,-2.2426,
syn_b3a23189,SYNTH-029,14.74,EE,False,2026-08-28T13:32:33.947897Z,REF-1839,GB,52.4862,-1.8904,
syn_e5c4faf1,SYNTH-001,355.03,Uber,False,2026-08-28T14:43:57.947897Z,REF-5011,DE,52.52,13.405,
syn_8b10aae9,SYNTH-028,253.91,Deliveroo,False,2026-08-28T14:47:19.947897Z,REF-7282,GB,52.4862,-1.8904,
syn_3fc3a2a3,SYNTH-005,200.79,Netflix,False,2026-08-28T17:31:15.947897Z,REF-3715,DE,52.52,13.405,
syn_33b8a8de,SYNTH-009,263.63,Tesco,False,2026-08-29T09:20:49.947897Z,REF-4622,FR,48.8566,2.3522,
syn_5cefff55,SYNTH-025,343.95,O2,False,2026-08-29T10:29:52.947897Z,REF-9012,GB,51.5074,-0.1278,
syn_b287ba99,SYNTH-006,212.08,Uber,False,2026-08-29T13:13:19.947897Z,REF-9563,GB,53.4808,-2.2426,
syn_ca4a8fea,SYNTH-013,171.82,Uber,False,2026-08-29T14:52:59.947897Z,REF-4904,GB,53.4808,-2.2426,
syn_f6a556e1,SYNTH-012,445.33,EE,False,2026-08-29T15:08:21.947897Z,REF-7699,FR,48.8566,2.3522,
syn_87d10ff4,SYNTH-013,379.03,EE,False,2026-08-29T17:34:30.947897Z,REF-5517,FR,48.8566,2.3522,
syn_c6c219b3,SYNTH-005,267.07,Vodafone,False,2026-08-29T18:01:22.947897Z,REF-2964,FR,48.8566,2.3522,
syn_d99ef31f,SYNTH-015,180.47,EE,False,2026-08-29T20:38:00.947897Z,REF-2631,GB,51.5074,-0.1278,
syn_1741a87f,SYNTH-025,57.14,O2,False,2026-08-30T08:11:39.947897Z,REF-2101,FR,48.8566,2.3522,
syn_a2bfb363,SYNTH-029,220.6,O2,False,2026-08-30T10:21:46.947897Z,REF-4970,GB,51.5074,-0.1278,
syn_bad077bd,SYNTH-011,223.62,Uber,False,2026-08-30T10:25:13.947897Z,REF-1493,FR,48.8566,2.3522,
syn_7902361d,SYNTH-002,42.15,Deliveroo,False,2026-08-30T12:17:06.947897Z,REF-5258,GB,51.5074,-0.1278,
syn_34484b4f,SYNTH-003,185.72,Uber,False,2026-08-30T15:09:28.947897Z,REF-3709,GB,52.4862,-1.8904,
syn_321110d3,SYNTH-017,77.86,Deliveroo,False,2026-08-30T15:16:29.947897Z,REF-1411,GB,51.5074,-0.1278,
syn_dd22650a,SYNTH-029,336.06,Spotify,False,2026-08-30T15:26:48.947897Z,REF-3946,FR,48.8566,2.3522,
syn_7764f450,SYNTH-022,482.81,Uber,False,2026-08-30T16:41:46.947897Z,REF-7185,FR,48.8566,2.3522,
syn_f658a5f7,SYNTH-026,77.21,Deliveroo,False,2026-08-30T17:06:14.947897Z,REF-8029,DE,52.52,13.405,
syn_0ed2e126,SYNTH-004,226.59,Amazon,False,2026-08-30T18:39:09.947897Z,REF-2575,FR,48.8566,2.3522,
syn_4a208264,SYNTH-017,130.62,Uber,False,2026-08-30T19:22:46.947897Z,REF-9001,GB,51.5074,-0.1278,
syn_4639dbab,SYNTH-020,368.2,EE,False,2026-08-30T19:25:10.947897Z,REF-9078,GB,53.4808,-2.2426,
syn_0adb63b8,SYNTH-023,469.65,Netflix,False,2026-08-30T19:42:21.947897Z,REF-5138,GB,53.4808,-2.2426,
syn_e761bcbe,SYNTH-024,155.3,Vodafone,False,2026-08-31T08:31:21.947897Z,REF-7786,GB,53.4808,-2.2426,
syn_d9ff2cf9,SYNTH-029,59.13,Sainsburys,False,2026-08-31T09:10:56.947897Z,REF-2868,FR,48.8566,2.3522,
syn_26bd6279,SYNTH-025,324.88,O2,False,2026-08-31T09:39:30.947897Z,REF-9415,GB,52.4862,-1.8904,
syn_32c11c86,SYNTH-010,142.3,Spotify,False,2026-08-31T10:25:09.947897Z,REF-4095,GB,52.4862,-1.8904,
syn_07a6e163,SYNTH-017,396.78,EE,True,2026-08-31T12:18:14.947897Z,REF-3520,DE,52.52,13.405,
syn_8987a6b2,SYNTH-003,37.55,O2,False,2026-08-31T14:21:36.947897Z,REF-5982,GB,52.4862,-1.8904,
syn_84fc2bc8,SYNTH-027,217.33,Deliveroo,False,2026-08-31T15:06:16.947897Z,REF-9260,GB,53.4808,-2.2426,
syn_68082eee,SYNTH-005,345.21,Uber,False,2026-08-31T15:28:32.947897Z,REF-9215,GB,51.5074,-0.1278,
syn_b69dcadb,SYNTH-013,482.6,Sainsburys,False,2026-08-31T17:07:08.947897Z,REF-7910,GB,52.4862,-1.8904,
syn_e2020fcd,SYNTH-013,39.33,Tesco,False,2026-08-31T19:36:02.947897Z,REF-5787,GB,53.4808,-2.2426,
syn_f66414ee,SYNTH-028,496.44,Tesco,False,2026-08-31T19:43:52.947897Z,REF-5408,FR,48.8566,2.3522,
syn_b3d57f3a,SYNTH-019,198.69,O2,True,2026-08-31T20:07:47.947897Z,REF-2441,GB,51.5074,-0.1278,
syn_f8b3150e,SYNTH-017,351.44,Sainsburys,False,2026-09-01T08:01:09.947897Z,REF-9349,GB,52.4862,-1.8904,
syn_ba2b73aa,SYNTH-023,330.44,Spotify,False,2026-09-01T09:12:45.947897Z,REF-2560,GB,53.4808,-2.2426,
syn_5cceff73,SYNTH-009,257.8,Deliveroo,False,2026-09-01T09:56:46.947897Z,REF-6915,GB,53.4808,-2.2426,
syn_615a4762,SYNTH-003,446.28,EE,False,2026-09-01T11:29:32.947897Z,REF-2543,GB,52.4862,-1.8904,
syn_36f45c3f,SYNTH-012,238.09,Vodafone,False,2026-09-01T12:15:03.947897Z,REF-6797,GB,52.4862,-1.8904,
syn_d8808259,SYNTH-006,52.93,Netflix,False,2026-09-01T12:30:33.947897Z,REF-3008,GB,52.4862,-1.8904,
syn_f1c41a0b,SYNTH-013,85.39,Amazon,False,2026-09-01T13:41:51.947897Z,REF-2785,DE,52.52,13.405,
syn_88aee6bf,SYNTH-017,379.64,EE,False,2026-09-01T15:56:38.947897Z,REF-6908,DE,52.52,13.405,
syn_686dd078,SYNTH-018,262.91,Amazon,False,2026-09-01T19:14:25.947897Z,REF-1111,GB,52.4862,-1.8904,
syn_01600c42,SYNTH-030,390.63,Deliveroo,False,2026-09-02T09:58:58.947897Z,REF-5322,GB,52.4862,-1.8904,
syn_9f80761d,SYNTH-023,444.16,Netflix,False,2026-09-02T10:50:04.947897Z,REF-9091,DE,52.52,13.405,
syn_8fb6c391,SYNTH-006,157.74,Uber,False,2026-09-02T10:50:29.947897Z,REF-5107,GB,52.4862,-1.8904,
syn_60940cfc,SYNTH-005,73.05,O2,False,2026-09-02T11:56:11.947897Z,REF-8404,GB,53.4808,-2.2426,
syn_ec183df1,SYNTH-012,409.02,Spotify,False,2026-09-02T15:02:35.947897Z,REF-6227,GB,53.4808,-2.2426,
syn_78a23dd4,SYNTH-026,70.05,Uber,False,2026-09-02T15:16:57.947897Z,REF-8230,GB,53.4808,-2.2426,
syn_f2cc4cf1,SYNTH-013,341.72,EE,False,2026-09-02T15:52:34.947897Z,REF-3404,GB,53.4808,-2.2426,
syn_349c14e3,SYNTH-019,396.04,Spotify,False,2026-09-02T15:57:51.947897Z,REF-6516,GB,51.5074,-0.1278,
syn_93ce8b0f,SYNTH-009,84.54,EE,False,2026-09-02T17:19:09.947897Z,REF-5874,GB,53.4808,-2.2426,
syn_1cc0aa5c,SYNTH-007,432.82,EE,True,2026-09-02T17:45:22.947897Z,REF-8335,GB,51.5074,-0.1278,
syn_55db7885,SYNTH-023,148.85,Deliveroo,False,2026-09-02T17:49:25.947897Z,REF-5194,GB,53.4808,-2.2426,
syn_14cffdef,SYNTH-009,342.28,Vodafone,False,2026-09-03T08:12:28.947897Z,REF-9969,GB,51.5074,-0.1278,
syn_b529fb86,SYNTH-013,485.22,Sainsburys,False,2026-09-03T10:34:00.947897Z,REF-1011,FR,48.8566,2.3522,
syn_76708e8f,SYNTH-017,292.48,O2,False,2026-09-03T12:24:07.947897Z,REF-1499,GB,52.4862,-1.8904,
syn_a43d6ac5,SYNTH-020,319.37,Deliveroo,False,2026-09-03T15:14:36.947897Z,REF-5903,GB,52.4862,-1.8904,
syn_5c7f923a,SYNTH-008,27.48,Tesco,False,2026-09-03T16:13:49.947897Z,REF-3807,GB,53.4808,-2.2426,
syn_668f9b02,SYNTH-008,443.42,Uber,True,2026-09-03T16:50:16.947897Z,REF-7736,GB,52.4862,-1.8904,
syn_cfa217ff,SYNTH-012,465.21,EE,False,2026-09-03T18:03:45.947897Z,REF-2816,GB,51.5074,-0.1278,
syn_637e8255,SYNTH-014,394.71,Uber,False,2026-09-03T20:52:20.947897Z,REF-6509,DE,52.52,13.405,
syn_f6849ef4,SYNTH-027,403.69,EE,False,2026-09-04T09:08:41.947897Z,REF-9868,GB,53.4808,-2.2426,
syn_25509e98,SYNTH-014,222.83,Deliveroo,False,2026-09-04T09:26:22.947897Z,REF-6850,FR,48.8566,2.3522,
syn_889901d3,SYNTH-020,491.42,Vodafone,False,2026-09-04T10:42:54.947897Z,REF-9022,GB,53.4808,-2.2426,
syn_c56f6cac,SYNTH-006,184.5,EE,False,2026-09-04T11:26:08.947897Z,REF-1244,GB,51.5074,-0.1278,
syn_9008e181,SYNTH-018,168.76,Deliveroo,False,2026-09-04T11:38:16.947897Z,REF-9419,GB,51.5074,-0.1278,
syn_cda44eb1,SYNTH-024,43.97,O2,False,2026-09-04T13:08:24.947897Z,REF-5417,GB,51.5074,-0.1278,
syn_48a41d54,SYNTH-012,375.85,Deliveroo,False,2026-09-04T13:18:04.947897Z,REF-8070,GB,52.4862,-1.8904,
syn_33a90ac5,SYNTH-010,91.76,Spotify,False,2026-09-04T13:41:19.947897Z,REF-2168,GB,51.5074,-0.1278,
syn_5efa9934,SYNTH-019,291.51,EE,False,2026-09-04T14:54:05.947897Z,REF-7729,GB,52.4862,-1.8904,
syn_970ed3da,SYNTH-014,135.76,EE,False,2026-09-04T15:56:17.947897Z,REF-1346,GB,52.4862,-1.8904,
syn_a0f30085,SYNTH-019,120.57,Amazon,False,2026-09-04T17:17:45.947897Z,REF-9984,DE,52.52,13.405,
